{
    "addontype": "elementor",
    "cattitle": "Content Boxes",
    "name": "hover_text_reveal_content_box_elementor",
    "alias": "hover_text_reveal_content_box",
    "title": "Content Box Hover Text Reveal",
    "description": "",
    "config": {
        "options": {
            "enable_items": "false",
            "items_section_title": "",
            "items_section_heading": "",
            "items_title_field": "",
            "path_assets": "uc_long_content_box",
            "js_as_module": false,
            "addon_icon": "fas fa-file-image",
            "dynamic_addon": "false",
            "dynamic_post_enable_customfields": "false",
            "dynamic_post_enable_category": "false",
            "description": "",
            "link_resource": "https:\/\/youtu.be\/30BT2GlWMEc",
            "link_preview": "https:\/\/unlimited-elements.com\/hover-text-reveal-content-box-widget-for-elementor\/",
            "show_small_icon": "true",
            "preview_size_unite_selected_text": "Full Size",
            "preview_size": "full",
            "preview_custom_width": "",
            "preview_bgcol": "#ffffff",
            "special": "",
            "special_data": "",
            "is_free_addon": true,
            "is_new_addon": false,
            "is_last_updated": false,
            "is_trending": false
        },
        "params": [
            {
                "type": "uc_image",
                "title": "Image",
                "name": "uc_img",
                "description": "",
                "admin_label": "false",
                "add_thumb": "false",
                "add_thumb_large": "false",
                "default_value": "[url_assets]\/1.jpg",
                "__attr_catid__": "cat_general_general"
            },
            {
                "type": "uc_slider",
                "title": "Image Height",
                "name": "uc_img_height",
                "description": "",
                "default_value": "300",
                "min": "200",
                "max": "1000",
                "step": "1",
                "units": "px",
                "is_responsive": true,
                "default_value_tablet": "",
                "default_value_mobile": "",
                "selector": ".uc_image_box",
                "selector_value": "height: {{SIZE}}{{UNIT}};",
                "__attr_catid__": "cat_style_y16h2xic"
            },
            {
                "type": "uc_background",
                "title": "Overlay Color",
                "name": "uc_overlay_color",
                "description": "",
                "background_type": "solid",
                "solid_color": "#000000",
                "gradient_color1": "",
                "gradient_color2": "",
                "selector": ".uc_overlay",
                "__attr_catid__": "cat_style_l1xfj3p2"
            },
            {
                "type": "uc_textfield",
                "title": "Title",
                "name": "uc_long_title",
                "description": "",
                "default_value": "Planning",
                "font_editable": false,
                "__attr_catid__": "cat_general_general"
            },
            {
                "type": "uc_editor",
                "title": "Content",
                "name": "uc_long_content",
                "description": "",
                "enable_condition": false,
                "condition_attribute": "",
                "condition_operator": "equal",
                "condition_value": [],
                "condition_attribute2": "",
                "condition_operator2": "equal",
                "condition_value2": null,
                "label_block": false,
                "tabname": "",
                "default_value": "Leather detail shoulder contrastic colour contour stunning silhouette working peplum.",
                "__attr_catid__": "cat_general_general"
            },
            {
                "type": "uc_radioboolean",
                "title": "Show Button",
                "name": "show_button",
                "description": "",
                "default_value": "true",
                "true_name": "Yes",
                "true_value": "true",
                "false_name": "No",
                "false_value": "false",
                "__attr_catid__": "cat_general_general"
            },
            {
                "type": "uc_textfield",
                "title": "Button label",
                "name": "uc_btn_label",
                "description": "",
                "enable_condition": true,
                "condition_attribute": "show_button",
                "condition_operator": "equal",
                "condition_value": [
                    "true"
                ],
                "condition_attribute2": "",
                "condition_operator2": "equal",
                "condition_value2": null,
                "label_block": false,
                "tabname": "",
                "default_value": "Learn More",
                "font_editable": false,
                "placeholder": "",
                "disable_dynamic": false,
                "__attr_catid__": "cat_general_general"
            },
            {
                "type": "uc_link",
                "title": "Button Link",
                "name": "uc_btn_link",
                "description": "",
                "enable_condition": true,
                "condition_attribute": "show_button",
                "condition_operator": "equal",
                "condition_value": [
                    "true"
                ],
                "condition_attribute2": "",
                "condition_operator2": "equal",
                "condition_value2": null,
                "label_block": false,
                "tabname": "",
                "default_value": "#",
                "__attr_catid__": "cat_general_general"
            },
            {
                "type": "uc_radioboolean",
                "title": "Show Button Two",
                "name": "show_button_two",
                "description": "",
                "enable_condition": false,
                "condition_attribute": "",
                "condition_operator": "equal",
                "condition_value": [],
                "condition_attribute2": "",
                "condition_operator2": "equal",
                "condition_value2": null,
                "label_block": false,
                "tabname": "",
                "default_value": "false",
                "true_name": "Yes",
                "true_value": "true",
                "false_name": "No",
                "false_value": "false",
                "is_responsive": false,
                "default_value_tablet": "",
                "default_value_mobile": "",
                "__attr_catid__": "cat_general_general"
            },
            {
                "type": "uc_textfield",
                "title": "Button two label",
                "name": "button_two_label",
                "description": "",
                "enable_condition": true,
                "condition_attribute": "show_button_two",
                "condition_operator": "equal",
                "condition_value": [
                    "true"
                ],
                "condition_attribute2": "",
                "condition_operator2": "equal",
                "condition_value2": null,
                "label_block": false,
                "tabname": "",
                "default_value": "Buy Now",
                "font_editable": false,
                "placeholder": "",
                "disable_dynamic": false,
                "__attr_catid__": "cat_general_general"
            },
            {
                "type": "uc_link",
                "title": "Button Two Link",
                "name": "button_two_link",
                "description": "",
                "enable_condition": true,
                "condition_attribute": "show_button_two",
                "condition_operator": "equal",
                "condition_value": [
                    "true"
                ],
                "condition_attribute2": "",
                "condition_operator2": "equal",
                "condition_value2": null,
                "label_block": false,
                "tabname": "",
                "default_value": "#",
                "__attr_catid__": "cat_general_general"
            },
            {
                "type": "uc_dropdown",
                "title": "Align",
                "name": "align",
                "description": "",
                "options": {
                    "Center": "center",
                    "Left": "left",
                    "Right": "right"
                },
                "default_value": "left",
                "__attr_catid__": "cat_style_v49k81by"
            },
            {
                "type": "uc_padding",
                "title": "Content Padding",
                "name": "content_padding",
                "description": "",
                "is_responsive": true,
                "desktop_top": "30",
                "desktop_right": "30",
                "desktop_bottom": "30",
                "desktop_left": "30",
                "tablet_top": "",
                "tablet_right": "",
                "tablet_bottom": "",
                "tablet_left": "",
                "mobile_top": "",
                "mobile_right": "",
                "mobile_bottom": "",
                "mobile_left": "",
                "selector": ".uc_box_content",
                "__attr_catid__": "cat_style_v49k81by"
            },
            {
                "type": "uc_slider",
                "title": "Overlay Opacity",
                "name": "overlay_opacity",
                "description": "",
                "default_value": "60",
                "min": "0",
                "max": "100",
                "step": "1",
                "units": "%",
                "is_responsive": true,
                "default_value_tablet": "",
                "default_value_mobile": "",
                "selector": ".uc_overlay",
                "selector_value": "opacity: {{SIZE}}{{UNIT}};",
                "__attr_catid__": "cat_style_l1xfj3p2"
            },
            {
                "type": "uc_slider",
                "title": "Overlay Opacity Hover",
                "name": "overlay_opacity_hover",
                "description": "",
                "default_value": "40",
                "min": "0",
                "max": "100",
                "step": "1",
                "units": "%",
                "is_responsive": true,
                "default_value_tablet": "",
                "default_value_mobile": "",
                "selector": ".uc_long_content_box:hover .uc_overlay",
                "selector_value": "opacity: {{SIZE}}{{UNIT}};",
                "__attr_catid__": "cat_style_l1xfj3p2"
            },
            {
                "type": "uc_dropdown",
                "title": "Blend Mode",
                "name": "blend_mode",
                "description": "",
                "options": {
                    "Normal": "normal",
                    "Multiply": "multiply",
                    "Screen": "screen",
                    "Overlay": "overlay",
                    "Darken": "darken",
                    "Lighten": "lighten",
                    "Color Dodge": "color-dodge",
                    "Luminosity": "luminosity"
                },
                "default_value": "normal",
                "__attr_catid__": "cat_style_y16h2xic"
            },
            {
                "type": "uc_slider",
                "title": "Box Radius",
                "name": "box_radius",
                "description": "",
                "default_value": "0",
                "min": "0",
                "max": "100",
                "step": "1",
                "units": "px",
                "is_responsive": false,
                "default_value_tablet": "",
                "default_value_mobile": "",
                "selector": ".uc_long_content_box",
                "selector_value": "border-radius: {{SIZE}}{{UNIT}};",
                "__attr_catid__": "cat_style_v49k81by"
            },
            {
                "type": "uc_border",
                "title": "Box Border",
                "name": "box_border",
                "description": "",
                "border_type": "none",
                "border_color": "",
                "width_desktop_top": "",
                "width_desktop_right": "",
                "width_desktop_bottom": "",
                "width_desktop_left": "",
                "width_tablet_top": "",
                "width_tablet_right": "",
                "width_tablet_bottom": "",
                "width_tablet_left": "",
                "width_mobile_top": "",
                "width_mobile_right": "",
                "width_mobile_bottom": "",
                "width_mobile_left": "",
                "selector": ".uc_long_content_box",
                "__attr_catid__": "cat_style_v49k81by"
            },
            {
                "type": "uc_typography",
                "title": "Button Typgoraphy",
                "name": "button_typgoraphy",
                "description": "",
                "enable_condition": false,
                "condition_attribute": "",
                "condition_operator": "equal",
                "condition_value": [],
                "condition_attribute2": "",
                "condition_operator2": "equal",
                "condition_value2": null,
                "label_block": false,
                "tabname": "",
                "selector1": ".uc_btn",
                "selector2": "",
                "selector3": "",
                "__attr_catid__": "cat_style_varrbb1i"
            },
            {
                "type": "uc_colorpicker",
                "title": "Button Background Color",
                "name": "button_bg_color",
                "description": "",
                "enable_condition": false,
                "condition_attribute": "",
                "condition_operator": "equal",
                "condition_value": [],
                "condition_attribute2": "",
                "condition_operator2": "equal",
                "condition_value2": null,
                "label_block": false,
                "tabname": "",
                "default_value": "",
                "selector": ".uc_btn",
                "selector_value": "background-color:{{VALUE}};",
                "show_more_selectors": false,
                "selector2": "",
                "selector2_value": "",
                "selector3": "",
                "selector3_value": "",
                "__attr_catid__": "cat_style_varrbb1i"
            },
            {
                "type": "uc_colorpicker",
                "title": "Button Background Color Hover",
                "name": "button_bg_color_hover",
                "description": "",
                "default_value": "",
                "selector": ".uc_btn:hover",
                "selector_value": "background-color:{{VALUE}};",
                "__attr_catid__": "cat_style_varrbb1i"
            },
            {
                "type": "uc_colorpicker",
                "title": "Button Text Color",
                "name": "btn_txt_clr",
                "description": "",
                "default_value": "#ffffff",
                "selector": ".uc_btn",
                "selector_value": "color:{{VALUE}} !important;",
                "__attr_catid__": "cat_style_varrbb1i"
            },
            {
                "type": "uc_colorpicker",
                "title": "Button Text Color Hover",
                "name": "btn_txt_clr_hvr",
                "description": "",
                "default_value": "#ffffff",
                "selector": ".uc_btn:hover",
                "selector_value": "color:{{VALUE}} ;",
                "__attr_catid__": "cat_style_varrbb1i"
            },
            {
                "type": "uc_border",
                "title": "Button Border",
                "name": "button_border",
                "description": "",
                "border_type": "solid",
                "border_color": "#ffffff",
                "width_desktop_top": "1",
                "width_desktop_right": "1",
                "width_desktop_bottom": "1",
                "width_desktop_left": "1",
                "width_tablet_top": "",
                "width_tablet_right": "",
                "width_tablet_bottom": "",
                "width_tablet_left": "",
                "width_mobile_top": "",
                "width_mobile_right": "",
                "width_mobile_bottom": "",
                "width_mobile_left": "",
                "selector": ".uc_btn",
                "__attr_catid__": "cat_style_varrbb1i"
            },
            {
                "type": "uc_border",
                "title": "Button Border Hover",
                "name": "button_border_hover",
                "description": "",
                "border_type": "solid",
                "border_color": "#ffffff",
                "width_desktop_top": "1",
                "width_desktop_right": "1",
                "width_desktop_bottom": "1",
                "width_desktop_left": "1",
                "width_tablet_top": "",
                "width_tablet_right": "",
                "width_tablet_bottom": "",
                "width_tablet_left": "",
                "width_mobile_top": "",
                "width_mobile_right": "",
                "width_mobile_bottom": "",
                "width_mobile_left": "",
                "selector": ".uc_btn:hover",
                "__attr_catid__": "cat_style_varrbb1i"
            },
            {
                "type": "uc_slider",
                "title": "Button Border Radius",
                "name": "btn_brdr_radius",
                "description": "",
                "default_value": "20",
                "min": "1",
                "max": "100",
                "step": "1",
                "units": "px",
                "is_responsive": false,
                "default_value_tablet": "",
                "default_value_mobile": "",
                "selector": ".uc_btn",
                "selector_value": "border-radius: {{SIZE}}{{UNIT}};",
                "__attr_catid__": "cat_style_varrbb1i"
            },
            {
                "type": "uc_slider",
                "title": "Button Spacing",
                "name": "button_spacing",
                "description": "",
                "default_value": "10",
                "min": "0",
                "max": "100",
                "step": "1",
                "units": "px",
                "is_responsive": false,
                "default_value_tablet": "",
                "default_value_mobile": "",
                "selector": ".uc_btn",
                "selector_value": "margin-top: {{SIZE}}{{UNIT}};",
                "__attr_catid__": "cat_style_varrbb1i"
            },
            {
                "type": "uc_padding",
                "title": "Button Padding",
                "name": "button_padding",
                "description": "",
                "is_responsive": false,
                "desktop_top": "10",
                "desktop_right": "30",
                "desktop_bottom": "10",
                "desktop_left": "30",
                "tablet_top": "",
                "tablet_right": "",
                "tablet_bottom": "",
                "tablet_left": "",
                "mobile_top": "",
                "mobile_right": "",
                "mobile_bottom": "",
                "mobile_left": "",
                "selector": ".uc_btn",
                "__attr_catid__": "cat_style_varrbb1i"
            },
            {
                "type": "uc_dropdown",
                "title": "Button Style",
                "name": "button_style",
                "description": "",
                "options": {
                    "Auto Width": "inline-block",
                    "Full Width": "block"
                },
                "default_value": "inline-block",
                "__attr_catid__": "cat_style_varrbb1i"
            },
            {
                "type": "uc_dropdown",
                "title": "Content Vertical Align",
                "name": "content_align",
                "description": "",
                "options": {
                    "End": "flex-end",
                    "Start": "flex-start",
                    "Center": "center"
                },
                "default_value": "flex-end",
                "__attr_catid__": "cat_style_v49k81by"
            },
            {
                "type": "uc_colorpicker",
                "title": "Title Color",
                "name": "title_color",
                "description": "",
                "default_value": "#ffffff",
                "selector": ".uc_title",
                "selector_value": "color:{{VALUE}};",
                "__attr_catid__": "cat_style_mtq6u0l6"
            },
            {
                "type": "uc_typography",
                "title": "Title Typography",
                "name": "title_typography",
                "description": "",
                "selector1": ".uc_title",
                "selector2": "",
                "selector3": "",
                "__attr_catid__": "cat_style_mtq6u0l6"
            },
            {
                "type": "uc_colorpicker",
                "title": "Text Color",
                "name": "text_color",
                "description": "",
                "default_value": "#ffffff",
                "selector": ".uc_description",
                "selector_value": "color:{{VALUE}};",
                "__attr_catid__": "cat_style_m8dk7azd"
            },
            {
                "type": "uc_typography",
                "title": "Text Typography",
                "name": "text_typography",
                "description": "",
                "selector1": ".uc_description",
                "selector2": "",
                "selector3": "",
                "__attr_catid__": "cat_style_m8dk7azd"
            },
            {
                "type": "uc_colorpicker",
                "title": "Background Color for Blend Mode",
                "name": "background_color_for_blend_mode",
                "description": "",
                "default_value": "#6a6a6a",
                "selector": ".uc_image_box",
                "selector_value": "background-color:{{VALUE}};",
                "__attr_catid__": "cat_style_y16h2xic"
            },
            {
                "type": "uc_radioboolean",
                "title": "Show Title",
                "name": "show_title",
                "description": "",
                "default_value": "true",
                "true_name": "Yes",
                "true_value": "true",
                "false_name": "No",
                "false_value": "false",
                "__attr_catid__": "cat_content_lyuz8051"
            },
            {
                "type": "uc_radioboolean",
                "title": "Show Text",
                "name": "show_text",
                "description": "",
                "default_value": "true",
                "true_name": "Yes",
                "true_value": "true",
                "false_name": "No",
                "false_value": "false",
                "__attr_catid__": "cat_content_lyuz8051"
            },
            {
                "type": "uc_number",
                "title": "Transition Time",
                "name": "transition_time",
                "description": "",
                "enable_condition": false,
                "condition_attribute": "",
                "condition_operator": "equal",
                "condition_value": [],
                "condition_attribute2": "",
                "condition_operator2": "equal",
                "condition_value2": null,
                "label_block": false,
                "tabname": "",
                "default_value": "0.5",
                "unit": "other",
                "unit_custom": "seconds",
                "min_value": "",
                "max_value": "",
                "step": "0.1",
                "is_responsive": false,
                "default_value_tablet": "",
                "default_value_mobile": "",
                "selector": "",
                "selector_value": "",
                "show_more_selectors": false,
                "selector2": "",
                "selector2_value": "",
                "selector3": "",
                "selector3_value": "",
                "__attr_catid__": "cat_style_t8c733wy"
            },
            {
                "type": "uc_number",
                "title": "Long Text Transition Time",
                "name": "transition_time_long",
                "description": "",
                "enable_condition": false,
                "condition_attribute": "",
                "condition_operator": "equal",
                "condition_value": [],
                "condition_attribute2": "",
                "condition_operator2": "equal",
                "condition_value2": null,
                "label_block": false,
                "tabname": "",
                "default_value": "1",
                "unit": "other",
                "unit_custom": "seconds",
                "min_value": "",
                "max_value": "",
                "step": "0.1",
                "is_responsive": false,
                "default_value_tablet": "",
                "default_value_mobile": "",
                "selector": "",
                "selector_value": "",
                "show_more_selectors": false,
                "selector2": "",
                "selector2_value": "",
                "selector3": "",
                "selector3_value": "",
                "__attr_catid__": "cat_style_t8c733wy"
            },
            {
                "type": "uc_number",
                "title": "Title Hover Vertical Gap",
                "name": "title_hover_gap",
                "description": "How much the title will move up on hover",
                "enable_condition": false,
                "condition_attribute": "",
                "condition_operator": "equal",
                "condition_value": [],
                "condition_attribute2": "",
                "condition_operator2": "equal",
                "condition_value2": null,
                "label_block": false,
                "tabname": "",
                "default_value": "-10",
                "unit": "px",
                "unit_custom": "",
                "min_value": "",
                "max_value": "",
                "step": "",
                "is_responsive": false,
                "default_value_tablet": "",
                "default_value_mobile": "",
                "selector": "",
                "selector_value": "",
                "show_more_selectors": false,
                "selector2": "",
                "selector2_value": "",
                "selector3": "",
                "selector3_value": "",
                "__attr_catid__": "cat_style_t8c733wy"
            },
            {
                "type": "uc_dropdown",
                "title": "Image Position",
                "name": "image_position",
                "description": "",
                "enable_condition": false,
                "condition_attribute": "",
                "condition_operator": "equal",
                "condition_value": [],
                "condition_attribute2": "",
                "condition_operator2": "equal",
                "condition_value2": null,
                "label_block": false,
                "tabname": "",
                "options": {
                    "Top Center": "top center",
                    "Center Center": "center center",
                    "Bottom Center": "bottom center",
                    "Top Left": "top left",
                    "Top Right": "top right",
                    "Bottom Left": "bottom left",
                    "Bottom Right": "bottom right"
                },
                "default_value": "center center",
                "selector": ".uc_image_box",
                "selector_value": "background-position: {{VALUE}} !important;",
                "show_more_selectors": false,
                "selector2": "",
                "selector2_value": "",
                "selector3": "",
                "selector3_value": "",
                "is_responsive": true,
                "default_value_tablet": "",
                "default_value_mobile": "",
                "php_filter_name": "",
                "__attr_catid__": "cat_style_y16h2xic"
            },
            {
                "type": "uc_radioboolean",
                "title": "Show Content on Breakpoint",
                "name": "show_content_on_breakpoint",
                "description": "",
                "enable_condition": false,
                "condition_attribute": "",
                "condition_operator": "equal",
                "condition_value": [],
                "condition_attribute2": "",
                "condition_operator2": "equal",
                "condition_value2": null,
                "label_block": false,
                "tabname": "",
                "default_value": "false",
                "true_name": "Yes",
                "true_value": "true",
                "false_name": "No",
                "false_value": "false",
                "is_responsive": false,
                "default_value_tablet": "",
                "default_value_mobile": "",
                "__attr_catid__": "cat_general_general"
            },
            {
                "type": "uc_number",
                "title": "Breakpoint",
                "name": "breakpoint",
                "description": "",
                "enable_condition": true,
                "condition_attribute": "show_content_on_breakpoint",
                "condition_operator": "equal",
                "condition_value": [
                    "true"
                ],
                "condition_attribute2": "",
                "condition_operator2": "equal",
                "condition_value2": null,
                "label_block": false,
                "tabname": "",
                "default_value": "760",
                "unit": "px",
                "unit_custom": "",
                "min_value": "",
                "max_value": "",
                "step": "",
                "is_responsive": false,
                "default_value_tablet": "",
                "default_value_mobile": "",
                "selector": "",
                "selector_value": "",
                "show_more_selectors": false,
                "selector2": "",
                "selector2_value": "",
                "selector3": "",
                "selector3_value": "",
                "__attr_catid__": "cat_general_general"
            }
        ],
        "params_items": [
            {
                "type": "uc_textfield",
                "title": "Title",
                "name": "title",
                "description": "",
                "default_value": "",
                "limited_edit": "true"
            }
        ],
        "includes": {
            "js": [],
            "jslib": [],
            "css": []
        },
        "variables_item": [],
        "variables_main": [],
        "params_cats": [
            {
                "id": "cat_general_general",
                "title": "General",
                "tab": "content"
            },
            {
                "id": "cat_content_lyuz8051",
                "title": "Layout",
                "tab": "content"
            },
            {
                "id": "cat_style_v49k81by",
                "title": "General",
                "tab": "style"
            },
            {
                "enable_condition": false,
                "condition_attribute": "",
                "condition_operator": "equal",
                "condition_value": [],
                "condition_attribute2": "",
                "condition_operator2": "equal",
                "condition_value2": null,
                "id": "cat_style_t8c733wy",
                "title": "Transition",
                "tab": "style"
            },
            {
                "id": "cat_style_y16h2xic",
                "title": "Image",
                "tab": "style"
            },
            {
                "id": "cat_style_l1xfj3p2",
                "title": "Overlay",
                "tab": "style"
            },
            {
                "id": "cat_style_mtq6u0l6",
                "title": "Title",
                "tab": "style"
            },
            {
                "id": "cat_style_m8dk7azd",
                "title": "Text",
                "tab": "style"
            },
            {
                "id": "cat_style_varrbb1i",
                "title": "Button",
                "tab": "style"
            }
        ]
    },
    "templates": [
        "html",
        "css"
    ]
}